{
  "FilterHeaders": [
    {
      "Header": "x-http-method-override",
      "IncludeInScript": true
    },
    {
      "Header": "user-agent",
      "IncludeInScript": false
    },
    {
      "Header": "upgrade-insecure-requests",
      "IncludeInScript": true
    },
    {
      "Header": "sec-fetch-user",
      "IncludeInScript": true
    },
    {
      "Header": "sec-fetch-site",
      "IncludeInScript": true
    },
    {
      "Header": "sec-fetch-mode",
      "IncludeInScript": true
    },
    {
      "Header": "origin",
      "IncludeInScript": true
    },
    {
      "Header": "if-modified-since",
      "IncludeInScript": false
    },
    {
      "Header": "cache-control",
      "IncludeInScript": false
    },
    {
      "Header": "accept-language",
      "IncludeInScript": false
    },
    {
      "Header": "accept-encoding",
      "IncludeInScript": false
    },
    {
      "Header": "accept",
      "IncludeInScript": false
    }
  ],
  "FilterResources": [
    {
      "IsNonResource": true,
      "type": "text/html"
    },
    {
      "IsNonResource": false,
      "type": "application/x-protobuf"
    },
    {
      "IsNonResource": false,
      "type": "application/x-javascript"
    }
  ],
  "GeneralInfo": {
    "BrowserVersion": "",
    "IsWinInetMode": false,
    "MaxUsedConnections": 7,
    "RecordedBrowser": "Chrome",
    "RecordingDate": "июн-28-2022",
    "RecordingDuration": 216781,
    "RecordingMode": "N/A",
    "RecordingTimeStamp": 1656427326,
    "RecordingType": "Browser",
    "TotalBytesReceived": 24733,
    "TotalBytesSent": 11118,
    "TotalRequests": 16,
    "UserAgent": "Mozilla/5.0 (Windows NT 10.0; Win64; x64) AppleWebKit/537.36 (KHTML, like Gecko) Chrome/76.0.3809.87 Safari/537.36"
  },
  "HostInfo": [
    {
      "DomainName": "gstatic.com",
      "Domains": [
        {
          "HTTPVersion": "HTTP/1.1",
          "IP": "64.233.161.94",
          "IncludeInScript": false,
          "Name": "www.gstatic.com",
          "Port": 443,
          "Requests": [
            {
              "CompressionType": "gzip",
              "DataType": "application/json",
              "DownloadTime": 31,
              "EventId": 219,
              "HttpStatus": 200,
              "Size": 482,
              "URL": "https://www.gstatic.com/chrome/config/plugins_3/plugins_win.json"
            }
          ],
          "SSLCipher": "TLS_AES_256_GCM_SHA384",
          "SSLVersion": "TLS1.3"
        },
        {
          "HTTPVersion": "HTTP/1.1",
          "IP": "64.233.165.94",
          "IncludeInScript": false,
          "Name": "ssl.gstatic.com",
          "Port": 443,
          "Requests": [
            {
              "CompressionType": "",
              "DataType": "application/octet-stream",
              "DownloadTime": 47,
              "EventId": 107,
              "HttpStatus": 200,
              "Size": 77948,
              "URL": "https://ssl.gstatic.com/safebrowsing/csd/client_model_v5_ext_variation_0.pb"
            },
            {
              "CompressionType": "",
              "DataType": "application/octet-stream",
              "DownloadTime": 47,
              "EventId": 48,
              "HttpStatus": 200,
              "Size": 77948,
              "URL": "https://ssl.gstatic.com/safebrowsing/csd/client_model_v5_variation_0.pb"
            }
          ],
          "SSLCipher": "TLS_AES_256_GCM_SHA384",
          "SSLVersion": "TLS1.3"
        }
      ],
      "IncludeInScript": true
    },
    {
      "DomainName": "googleapis.com",
      "Domains": [
        {
          "HTTPVersion": "HTTP/1.1",
          "IP": "64.233.163.95",
          "IncludeInScript": true,
          "Name": "safebrowsing.googleapis.com",
          "Port": 443,
          "Requests": [
            {
              "CompressionType": "gzip",
              "DataType": "application/x-protobuf",
              "DownloadTime": 31,
              "EventId": 237,
              "HttpStatus": 400,
              "Size": 150,
              "URL": "https://safebrowsing.googleapis.com/v4/threatListUpdates:fetch?$req=ChgKCGNocm9taXVtEgw3Ni4wLjM4MDkuODcaDAgBEAEiBCABIAIoAxoMCAUQASIEIAEgAigBGgwIARABIgQgASACKAEaDAgDEAEiBCABIAIoARoMCAcQASIEIAEgAigBGgwIARAIIgQgASACKAQaDAgPEAEiBCABIAIoASICCAE=&$ct=application/x-protobuf&key=dummytoken"
            }
          ],
          "SSLCipher": "TLS_AES_256_GCM_SHA384",
          "SSLVersion": "TLS1.3"
        }
      ],
      "IncludeInScript": true
    },
    {
      "DomainName": "127.0.0.1",
      "Domains": [
        {
          "HTTPVersion": "HTTP/1.1",
          "IP": "127.0.0.1",
          "IncludeInScript": true,
          "Name": "127.0.0.1",
          "Port": 8090,
          "Requests": [
            {
              "CompressionType": "",
              "DataType": "text/html",
              "DownloadTime": 703,
              "EventId": 264,
              "HttpStatus": 200,
              "Size": 2742,
              "URL": "http://127.0.0.1:8090/WebTours/nav.pl?in=home"
            },
            {
              "CompressionType": "",
              "DataType": "text/html",
              "DownloadTime": 78,
              "EventId": 262,
              "HttpStatus": 304,
              "Size": 0,
              "URL": "http://127.0.0.1:8090/WebTours/home.html"
            },
            {
              "CompressionType": "",
              "DataType": "text/html",
              "DownloadTime": 469,
              "EventId": 259,
              "HttpStatus": 200,
              "Size": 630,
              "URL": "http://127.0.0.1:8090/WebTours/welcome.pl?signOff=1"
            },
            {
              "CompressionType": "",
              "DataType": "text/html",
              "DownloadTime": 265,
              "EventId": 256,
              "HttpStatus": 200,
              "Size": 1476,
              "URL": "http://127.0.0.1:8090/WebTours/nav.pl?page=menu&in=home"
            },
            {
              "CompressionType": "",
              "DataType": "text/html",
              "DownloadTime": 469,
              "EventId": 253,
              "HttpStatus": 200,
              "Size": 912,
              "URL": "http://127.0.0.1:8090/WebTours/login.pl?intro=true"
            },
            {
              "CompressionType": "",
              "DataType": "text/html",
              "DownloadTime": 453,
              "EventId": 248,
              "HttpStatus": 200,
              "Size": 540,
              "URL": "http://127.0.0.1:8090/WebTours/welcome.pl?page=menus"
            },
            {
              "CompressionType": "",
              "DataType": "text/html",
              "DownloadTime": 469,
              "EventId": 242,
              "HttpStatus": 200,
              "Size": 1073,
              "URL": "http://127.0.0.1:8090/WebTours/login.pl"
            },
            {
              "CompressionType": "",
              "DataType": "application/x-javascript",
              "DownloadTime": 31,
              "EventId": 226,
              "HttpStatus": 200,
              "Size": 11288,
              "URL": "http://127.0.0.1:8090/WebTours/profileValidate.js"
            },
            {
              "CompressionType": "",
              "DataType": "text/html",
              "DownloadTime": 703,
              "EventId": 223,
              "HttpStatus": 200,
              "Size": 2424,
              "URL": "http://127.0.0.1:8090/WebTours/login.pl?username=&password=&getInfo=true"
            },
            {
              "CompressionType": "",
              "DataType": "text/html",
              "DownloadTime": 31,
              "EventId": 191,
              "HttpStatus": 404,
              "Size": 114,
              "URL": "http://127.0.0.1:8090/favicon.ico"
            },
            {
              "CompressionType": "",
              "DataType": "text/html",
              "DownloadTime": 766,
              "EventId": 188,
              "HttpStatus": 200,
              "Size": 2754,
              "URL": "http://127.0.0.1:8090/WebTours/nav.pl?in=home"
            },
            {
              "CompressionType": "",
              "DataType": "text/html",
              "DownloadTime": 141,
              "EventId": 186,
              "HttpStatus": 304,
              "Size": 0,
              "URL": "http://127.0.0.1:8090/WebTours/home.html"
            },
            {
              "CompressionType": "",
              "DataType": "text/html",
              "DownloadTime": 1032,
              "EventId": 184,
              "HttpStatus": 200,
              "Size": 630,
              "URL": "http://127.0.0.1:8090/WebTours/welcome.pl?signOff=true"
            },
            {
              "CompressionType": "",
              "DataType": "text/html",
              "DownloadTime": 204,
              "EventId": 182,
              "HttpStatus": 304,
              "Size": 0,
              "URL": "http://127.0.0.1:8090/WebTours/header.html"
            },
            {
              "CompressionType": "",
              "DataType": "text/html",
              "DownloadTime": 31,
              "EventId": 180,
              "HttpStatus": 304,
              "Size": 0,
              "URL": "http://127.0.0.1:8090/WebTours/"
            }
          ],
          "SSLCipher": "None",
          "SSLVersion": "None"
        }
      ],
      "IncludeInScript": true
    }
  ],
  "WebSocket": {
    "IncludeInScript": false,
    "IsScriptIncludeWebSocket": false
  },
  "NumberOfCorrelations": 0
}