{
  "FilterHeaders": [
    {
      "Header": "user-agent",
      "IncludeInScript": false
    },
    {
      "Header": "upgrade-insecure-requests",
      "IncludeInScript": true
    },
    {
      "Header": "sec-fetch-user",
      "IncludeInScript": true
    },
    {
      "Header": "sec-fetch-site",
      "IncludeInScript": true
    },
    {
      "Header": "sec-fetch-mode",
      "IncludeInScript": true
    },
    {
      "Header": "origin",
      "IncludeInScript": true
    },
    {
      "Header": "if-modified-since",
      "IncludeInScript": false
    },
    {
      "Header": "cache-control",
      "IncludeInScript": false
    },
    {
      "Header": "accept-language",
      "IncludeInScript": false
    },
    {
      "Header": "accept-encoding",
      "IncludeInScript": false
    },
    {
      "Header": "accept",
      "IncludeInScript": false
    }
  ],
  "FilterResources": [
    {
      "IsNonResource": true,
      "type": "text/html"
    }
  ],
  "GeneralInfo": {
    "BrowserVersion": "",
    "IsWinInetMode": false,
    "MaxUsedConnections": 3,
    "RecordedBrowser": "Chrome",
    "RecordingDate": "июн-26-2022",
    "RecordingDuration": 18516,
    "RecordingMode": "N/A",
    "RecordingTimeStamp": 1656239806,
    "RecordingType": "Browser",
    "TotalBytesReceived": 12576,
    "TotalBytesSent": 10777,
    "TotalRequests": 15,
    "UserAgent": "Mozilla/5.0 (Windows NT 10.0; Win64; x64) AppleWebKit/537.36 (KHTML, like Gecko) Chrome/76.0.3809.87 Safari/537.36"
  },
  "HostInfo": [
    {
      "DomainName": "gstatic.com",
      "Domains": [
        {
          "HTTPVersion": "HTTP/1.1",
          "IP": "64.233.165.94",
          "IncludeInScript": false,
          "Name": "ssl.gstatic.com",
          "Port": 443,
          "Requests": [
            {
              "CompressionType": "",
              "DataType": "application/octet-stream",
              "DownloadTime": 94,
              "EventId": 742,
              "HttpStatus": 200,
              "Size": 77948,
              "URL": "https://ssl.gstatic.com/safebrowsing/csd/client_model_v5_variation_0.pb"
            },
            {
              "CompressionType": "",
              "DataType": "application/octet-stream",
              "DownloadTime": 47,
              "EventId": 737,
              "HttpStatus": 200,
              "Size": 77948,
              "URL": "https://ssl.gstatic.com/safebrowsing/csd/client_model_v5_ext_variation_0.pb"
            }
          ],
          "SSLCipher": "",
          "SSLVersion": ""
        }
      ],
      "IncludeInScript": true
    },
    {
      "DomainName": "127.0.0.1",
      "Domains": [
        {
          "HTTPVersion": "HTTP/1.1",
          "IP": "127.0.0.1",
          "IncludeInScript": true,
          "Name": "127.0.0.1",
          "Port": 8090,
          "Requests": [
            {
              "CompressionType": "",
              "DataType": "text/html",
              "DownloadTime": 719,
              "EventId": 873,
              "HttpStatus": 200,
              "Size": 2736,
              "URL": "http://127.0.0.1:8090/WebTours/nav.pl?in=home"
            },
            {
              "CompressionType": "",
              "DataType": "text/html",
              "DownloadTime": 78,
              "EventId": 871,
              "HttpStatus": 304,
              "Size": 0,
              "URL": "http://127.0.0.1:8090/WebTours/home.html"
            },
            {
              "CompressionType": "",
              "DataType": "text/html",
              "DownloadTime": 484,
              "EventId": 868,
              "HttpStatus": 200,
              "Size": 630,
              "URL": "http://127.0.0.1:8090/WebTours/welcome.pl?signOff=1"
            },
            {
              "CompressionType": "",
              "DataType": "text/html",
              "DownloadTime": 516,
              "EventId": 861,
              "HttpStatus": 200,
              "Size": 883,
              "URL": "http://127.0.0.1:8090/WebTours/itinerary.pl"
            },
            {
              "CompressionType": "",
              "DataType": "text/html",
              "DownloadTime": 515,
              "EventId": 859,
              "HttpStatus": 200,
              "Size": 1476,
              "URL": "http://127.0.0.1:8090/WebTours/nav.pl?page=menu&in=itinerary"
            },
            {
              "CompressionType": "",
              "DataType": "text/html",
              "DownloadTime": 469,
              "EventId": 734,
              "HttpStatus": 200,
              "Size": 535,
              "URL": "http://127.0.0.1:8090/WebTours/welcome.pl?page=itinerary"
            },
            {
              "CompressionType": "",
              "DataType": "text/html",
              "DownloadTime": 484,
              "EventId": 721,
              "HttpStatus": 200,
              "Size": 912,
              "URL": "http://127.0.0.1:8090/WebTours/login.pl?intro=true"
            },
            {
              "CompressionType": "",
              "DataType": "text/html",
              "DownloadTime": 469,
              "EventId": 718,
              "HttpStatus": 200,
              "Size": 1476,
              "URL": "http://127.0.0.1:8090/WebTours/nav.pl?page=menu&in=home"
            },
            {
              "CompressionType": "",
              "DataType": "text/html",
              "DownloadTime": 468,
              "EventId": 713,
              "HttpStatus": 200,
              "Size": 437,
              "URL": "http://127.0.0.1:8090/WebTours/login.pl"
            },
            {
              "CompressionType": "",
              "DataType": "text/html",
              "DownloadTime": 16,
              "EventId": 710,
              "HttpStatus": 404,
              "Size": 114,
              "URL": "http://127.0.0.1:8090/favicon.ico"
            },
            {
              "CompressionType": "",
              "DataType": "text/html",
              "DownloadTime": 484,
              "EventId": 707,
              "HttpStatus": 200,
              "Size": 2747,
              "URL": "http://127.0.0.1:8090/WebTours/nav.pl?in=home"
            },
            {
              "CompressionType": "",
              "DataType": "text/html",
              "DownloadTime": 78,
              "EventId": 705,
              "HttpStatus": 304,
              "Size": 0,
              "URL": "http://127.0.0.1:8090/WebTours/home.html"
            },
            {
              "CompressionType": "",
              "DataType": "text/html",
              "DownloadTime": 937,
              "EventId": 700,
              "HttpStatus": 200,
              "Size": 630,
              "URL": "http://127.0.0.1:8090/WebTours/welcome.pl?signOff=true"
            },
            {
              "CompressionType": "",
              "DataType": "text/html",
              "DownloadTime": 31,
              "EventId": 690,
              "HttpStatus": 304,
              "Size": 0,
              "URL": "http://127.0.0.1:8090/WebTours/header.html"
            },
            {
              "CompressionType": "",
              "DataType": "text/html",
              "DownloadTime": 16,
              "EventId": 686,
              "HttpStatus": 304,
              "Size": 0,
              "URL": "http://127.0.0.1:8090/WebTours/"
            }
          ],
          "SSLCipher": "None",
          "SSLVersion": "None"
        }
      ],
      "IncludeInScript": true
    }
  ],
  "WebSocket": {
    "IncludeInScript": false,
    "IsScriptIncludeWebSocket": false
  },
  "NumberOfCorrelations": 0
}