{
  "FilterHeaders": [
    {
      "Header": "x-http-method-override",
      "IncludeInScript": true
    },
    {
      "Header": "user-agent",
      "IncludeInScript": false
    },
    {
      "Header": "upgrade-insecure-requests",
      "IncludeInScript": true
    },
    {
      "Header": "sec-fetch-user",
      "IncludeInScript": true
    },
    {
      "Header": "sec-fetch-site",
      "IncludeInScript": true
    },
    {
      "Header": "sec-fetch-mode",
      "IncludeInScript": true
    },
    {
      "Header": "origin",
      "IncludeInScript": true
    },
    {
      "Header": "if-modified-since",
      "IncludeInScript": false
    },
    {
      "Header": "cache-control",
      "IncludeInScript": false
    },
    {
      "Header": "accept-language",
      "IncludeInScript": false
    },
    {
      "Header": "accept-encoding",
      "IncludeInScript": false
    },
    {
      "Header": "accept",
      "IncludeInScript": false
    }
  ],
  "FilterResources": [
    {
      "IsNonResource": true,
      "type": "text/html"
    },
    {
      "IsNonResource": false,
      "type": "application/x-protobuf"
    }
  ],
  "GeneralInfo": {
    "BrowserVersion": "",
    "IsWinInetMode": false,
    "MaxUsedConnections": 4,
    "RecordedBrowser": "Chrome",
    "RecordingDate": "июн-21-2022",
    "RecordingDuration": 58156,
    "RecordingMode": "N/A",
    "RecordingTimeStamp": 1655810162,
    "RecordingType": "Browser",
    "TotalBytesReceived": 43002,
    "TotalBytesSent": 14980,
    "TotalRequests": 19,
    "UserAgent": "Mozilla/5.0 (Windows NT 10.0; Win64; x64) AppleWebKit/537.36 (KHTML, like Gecko) Chrome/76.0.3809.87 Safari/537.36"
  },
  "HostInfo": [
    {
      "DomainName": "gstatic.com",
      "Domains": [
        {
          "HTTPVersion": "HTTP/1.1",
          "IP": "64.233.165.94",
          "IncludeInScript": false,
          "Name": "ssl.gstatic.com",
          "Port": 443,
          "Requests": [
            {
              "CompressionType": "",
              "DataType": "application/octet-stream",
              "DownloadTime": 31,
              "EventId": 929,
              "HttpStatus": 200,
              "Size": 77948,
              "URL": "https://ssl.gstatic.com/safebrowsing/csd/client_model_v5_ext_variation_0.pb"
            },
            {
              "CompressionType": "",
              "DataType": "application/octet-stream",
              "DownloadTime": 62,
              "EventId": 866,
              "HttpStatus": 200,
              "Size": 77948,
              "URL": "https://ssl.gstatic.com/safebrowsing/csd/client_model_v5_variation_0.pb"
            }
          ],
          "SSLCipher": "TLS_AES_256_GCM_SHA384",
          "SSLVersion": "TLS1.3"
        }
      ],
      "IncludeInScript": true
    },
    {
      "DomainName": "googleapis.com",
      "Domains": [
        {
          "HTTPVersion": "HTTP/1.1",
          "IP": "173.194.73.95",
          "IncludeInScript": true,
          "Name": "safebrowsing.googleapis.com",
          "Port": 443,
          "Requests": [
            {
              "CompressionType": "gzip",
              "DataType": "application/x-protobuf",
              "DownloadTime": 31,
              "EventId": 1085,
              "HttpStatus": 400,
              "Size": 150,
              "URL": "https://safebrowsing.googleapis.com/v4/threatListUpdates:fetch?$req=ChgKCGNocm9taXVtEgw3Ni4wLjM4MDkuODcaDAgBEAEiBCABIAIoAxoMCAUQASIEIAEgAigBGgwIARABIgQgASACKAEaDAgDEAEiBCABIAIoARoMCAcQASIEIAEgAigBGgwIARAIIgQgASACKAQaDAgPEAEiBCABIAIoASICCAE=&$ct=application/x-protobuf&key=dummytoken"
            }
          ],
          "SSLCipher": "TLS_AES_256_GCM_SHA384",
          "SSLVersion": "TLS1.3"
        }
      ],
      "IncludeInScript": true
    },
    {
      "DomainName": "127.0.0.1",
      "Domains": [
        {
          "HTTPVersion": "HTTP/1.1",
          "IP": "127.0.0.1",
          "IncludeInScript": true,
          "Name": "127.0.0.1",
          "Port": 8090,
          "Requests": [
            {
              "CompressionType": "",
              "DataType": "text/html",
              "DownloadTime": 453,
              "EventId": 1076,
              "HttpStatus": 200,
              "Size": 2398,
              "URL": "http://127.0.0.1:8090/WebTours/reservations.pl"
            },
            {
              "CompressionType": "",
              "DataType": "text/html",
              "DownloadTime": 469,
              "EventId": 1073,
              "HttpStatus": 200,
              "Size": 2706,
              "URL": "http://127.0.0.1:8090/WebTours/reservations.pl"
            },
            {
              "CompressionType": "",
              "DataType": "text/html",
              "DownloadTime": 500,
              "EventId": 1068,
              "HttpStatus": 200,
              "Size": 2341,
              "URL": "http://127.0.0.1:8090/WebTours/reservations.pl"
            },
            {
              "CompressionType": "",
              "DataType": "text/html",
              "DownloadTime": 672,
              "EventId": 1065,
              "HttpStatus": 200,
              "Size": 1476,
              "URL": "http://127.0.0.1:8090/WebTours/nav.pl?page=menu&in=flights"
            },
            {
              "CompressionType": "",
              "DataType": "text/html",
              "DownloadTime": 657,
              "EventId": 1063,
              "HttpStatus": 200,
              "Size": 4182,
              "URL": "http://127.0.0.1:8090/WebTours/reservations.pl?page=welcome"
            },
            {
              "CompressionType": "",
              "DataType": "text/html",
              "DownloadTime": 469,
              "EventId": 1060,
              "HttpStatus": 200,
              "Size": 560,
              "URL": "http://127.0.0.1:8090/WebTours/welcome.pl?page=search"
            },
            {
              "CompressionType": "",
              "DataType": "text/html",
              "DownloadTime": 516,
              "EventId": 1056,
              "HttpStatus": 200,
              "Size": 20849,
              "URL": "http://127.0.0.1:8090/WebTours/itinerary.pl"
            },
            {
              "CompressionType": "",
              "DataType": "text/html",
              "DownloadTime": 516,
              "EventId": 1054,
              "HttpStatus": 200,
              "Size": 1476,
              "URL": "http://127.0.0.1:8090/WebTours/nav.pl?page=menu&in=itinerary"
            },
            {
              "CompressionType": "",
              "DataType": "text/html",
              "DownloadTime": 469,
              "EventId": 1051,
              "HttpStatus": 200,
              "Size": 535,
              "URL": "http://127.0.0.1:8090/WebTours/welcome.pl?page=itinerary"
            },
            {
              "CompressionType": "",
              "DataType": "text/html",
              "DownloadTime": 766,
              "EventId": 1048,
              "HttpStatus": 200,
              "Size": 912,
              "URL": "http://127.0.0.1:8090/WebTours/login.pl?intro=true"
            },
            {
              "CompressionType": "",
              "DataType": "text/html",
              "DownloadTime": 578,
              "EventId": 1045,
              "HttpStatus": 200,
              "Size": 1476,
              "URL": "http://127.0.0.1:8090/WebTours/nav.pl?page=menu&in=home"
            },
            {
              "CompressionType": "",
              "DataType": "text/html",
              "DownloadTime": 469,
              "EventId": 1040,
              "HttpStatus": 200,
              "Size": 437,
              "URL": "http://127.0.0.1:8090/WebTours/login.pl"
            },
            {
              "CompressionType": "",
              "DataType": "text/html",
              "DownloadTime": 31,
              "EventId": 1027,
              "HttpStatus": 404,
              "Size": 114,
              "URL": "http://127.0.0.1:8090/favicon.ico"
            },
            {
              "CompressionType": "",
              "DataType": "text/html",
              "DownloadTime": 484,
              "EventId": 1012,
              "HttpStatus": 200,
              "Size": 2760,
              "URL": "http://127.0.0.1:8090/WebTours/nav.pl?in=home"
            },
            {
              "CompressionType": "",
              "DataType": "text/html",
              "DownloadTime": 15,
              "EventId": 1010,
              "HttpStatus": 304,
              "Size": 0,
              "URL": "http://127.0.0.1:8090/WebTours/home.html"
            },
            {
              "CompressionType": "",
              "DataType": "text/html",
              "DownloadTime": 594,
              "EventId": 1007,
              "HttpStatus": 200,
              "Size": 630,
              "URL": "http://127.0.0.1:8090/WebTours/welcome.pl?signOff=true"
            },
            {
              "CompressionType": "",
              "DataType": "text/html",
              "DownloadTime": 31,
              "EventId": 1005,
              "HttpStatus": 304,
              "Size": 0,
              "URL": "http://127.0.0.1:8090/WebTours/header.html"
            },
            {
              "CompressionType": "",
              "DataType": "text/html",
              "DownloadTime": 16,
              "EventId": 1003,
              "HttpStatus": 304,
              "Size": 0,
              "URL": "http://127.0.0.1:8090/WebTours/"
            }
          ],
          "SSLCipher": "None",
          "SSLVersion": "None"
        }
      ],
      "IncludeInScript": true
    }
  ],
  "WebSocket": {
    "IncludeInScript": false,
    "IsScriptIncludeWebSocket": false
  },
  "NumberOfCorrelations": 6
}